Title,Video url
Boxplots ... und auch Median und Quartile ;o),https://www.youtube.com/watch?v=HsDeAoBOyS4
Block Storage vs. File Storage,https://www.youtube.com/watch?v=5EqAXnNm0FE
SQL vs. NoSQL: What's the difference?,https://www.youtube.com/watch?v=Q5aTUc7c4jg
SQL vs. NoSQL in 20 Seconds,https://www.youtube.com/watch?v=crZalY8oxyw
ACID Properties in Databases With Examples,https://www.youtube.com/watch?v=GAe5oB742dw
Data Storage Types: File,  Block, & Object,https://www.youtube.com/watch?v=KhHr4chx_ZM
What is Object Storage?,https://www.youtube.com/watch?v=ZfTOQJlLsAs
Block vs. File Storage,https://www.youtube.com/watch?v=PmxWTTpXNLI
ALLE Ableitungsregeln mit Beispielen ‚Äì √úbersicht Ableitungen von Funktionen bilden,https://www.youtube.com/watch?v=GtVWdeevZpw
KI #7 - knn Algorithmus - Machine Learning,https://www.youtube.com/watch?v=zqtOmQ25Thg
KI #10 kmeans Ellenbogenanalyse - Machine Learning,https://www.youtube.com/watch?v=lDd0C1odoVU
KI #8 - kmeans Algorithmus - Machine Learning,https://www.youtube.com/watch?v=gB1RIsgDheg
KI #12 - Machine Learning mit Random Forests,https://www.youtube.com/watch?v=Kea3V9NB1d4
Prozessmanagement einfach erkl√§rt VFinal,https://www.youtube.com/watch?v=rn4NPOiR3jg
Wie funktioniert eigentlich Machine Learning?,https://www.youtube.com/watch?v=ya_6I9IVMzY
K-Means: Examples of Use Cases and Applications,https://www.youtube.com/watch?v=yqIH4K9IEHQ
K-Means: Why you should NOT use it! (disadvantages),https://www.youtube.com/watch?v=-_QZaRl7ePw
Kurzfilm Analyse und Optimierung,https://www.youtube.com/watch?v=34Wh-HrT3XE
Prozessmanagement-Methoden,https://www.youtube.com/watch?v=IMdEzQQrQ2w
Prozessbewertung, Kriterien, Mind Map f√ºr die Pr√ºfung,https://www.youtube.com/watch?v=BbgOUBCKWJY
Projektmanagement kurz und b√ºndig erkl√§rt,https://www.youtube.com/watch?v=nbETI6zt9dQ
Projektstart - Die Weichen f√ºr ein erfolgreiches Projekt stellen,https://www.youtube.com/watch?v=IGhrZwh9oy4
Die SWOT Analyse einfach erkl√§rt | Inklusive Beispiel,https://www.youtube.com/watch?v=jlJFF0VLVOw
Ishikawa Diagramm - Tutorial (Deutsch),https://www.youtube.com/watch?v=U_OcPvVyZI4
Entropie f√ºr Fachinformatiker, Daten- und Prozessanalyse, statistische Entropie, Datenanalyse,https://www.youtube.com/watch?v=Rd_GCUBdR7Q
Prozessoptimierung Beispiel einfach erkl√§rt ‚òëÔ∏è Ursachenanalyse SWOT-Analyse, 5 Whys, Swimlane, RACI,https://www.youtube.com/watch?v=dkPE65-V3rc
Machine Learning Workflow, Machine Learning Tutorial #2,https://www.youtube.com/watch?v=f9QT2dqeW04
Einf√ºhrung in Machine Learning, Machine Learning Tutorial #1,https://www.youtube.com/watch?v=tCApwsdijDk
Supervised Learning, Machine Learning Tutorial #3,https://www.youtube.com/watch?v=gaYYJAEt0zI
Unsupervised Learning, Machine Learning Tutorial #4,https://www.youtube.com/watch?v=yKcGVt3xfiE
Reinforcement Learning, Machine Learning Tutorial #5,https://www.youtube.com/watch?v=EAX12jlMlUw
Implementation Lineare Regression & Gradient Descent, Machine Learning Tutorial #8,https://www.youtube.com/watch?v=cXFYZ2Vsfxw
Nicht lineare Regression, Machine Learning Tutorial #9,https://www.youtube.com/watch?v=xsU15RRcwpA
Logistische Regression, Machine Learning Tutorial #10,https://www.youtube.com/watch?v=2khIvjDEm9I
Grundlagen neuronaler Netze, Neuronale Netze I, Machine Learning Tutorial #12,https://www.youtube.com/watch?v=EzwkFhEkGd8
Neuronale Netze - Beispiele, Neuronale Netze II, Machine Learning Tutorial #13,https://www.youtube.com/watch?v=zH6Gmimce10
Bedeutung der Aktivierungsfunktion, Neuronale Netze III, Machine Learning Tutorial #14,https://www.youtube.com/watch?v=ztvHnslI6iM
Gradient Descent, Machine Learning Tutorial #7,https://www.youtube.com/watch?v=Kt2dQSkkaWw
Machine Learning #38 - Entscheidungsb√§ume #2 - Der ID3-Algorithmus,https://www.youtube.com/watch?v=SYyyuHG9qBs
ID3 Decision tree Learning Algorithm | ID3 Algorithm | Decision Tree Algorithm Example Mahesh Huddar,https://www.youtube.com/watch?v=K-oGwFoCGU0
Prozessmanagement Methoden üåü wann was nehmen?,https://www.youtube.com/watch?v=a0BR7nt83o4
Public Key Infrastruktur (einfach erkl√§rt)! PKI einfach erkl√§rt! | #CEH,https://www.youtube.com/watch?v=tt5CONRnXC4
Multiple lineare Regression in R [ALL IN ONE] - Voraussetzungen, Durchf√ºhrung und Interpretation,https://www.youtube.com/watch?v=EUbujtw5Azc
Lean Management - √úberblick und Hintergr√ºnde,https://www.youtube.com/watch?v=Q059ScoHhM8
Lineare Regression, Machine Learning Tutorial #6,https://www.youtube.com/watch?v=Gqd1laCdWh0
Erfolgskonten,https://www.youtube.com/watch?v=OAURyKYuTDo
Die lineare Abschreibung,https://www.youtube.com/watch?v=naGH7SCwHg8
Rentabilit√§ten Leverageffekt,https://www.youtube.com/watch?v=KVNUpGDOX_Q
Kostenstellenrechnung und einfacher Betriebsabrechnungsbogen,https://www.youtube.com/watch?v=dwY6X_PqAu0
Eigenkapitalausweis in der Bilanz,https://www.youtube.com/watch?v=hhIDCqzXlQI
Marktgleichgewicht, Zahlungsbereitschaft, Reservationspreis | Volkswirtschaftslehre,https://www.youtube.com/watch?v=WG1Zc7cfqqg
Managementarten,https://www.youtube.com/watch?v=R1D7DtyqBAE
Schuldenschnitt - einfach erkl√§rt!,https://www.youtube.com/watch?v=aY1tj8DRxgc
Nachfragekurve - von der individuellen Nachfrage zur Marktnachfrage,https://www.youtube.com/watch?v=MUgnjDHnCU8
Bananenrepublik - einfach erkl√§rt!,https://www.youtube.com/watch?v=xzwFKWHFZyU
Marktarten,https://www.youtube.com/watch?v=6uomm4a2tFM
Wirtschaftskreislauf,https://www.youtube.com/watch?v=0WiaEQcylpI
Was ist eine Fusion? - Einfach erkl√§rt in 95 Sekunden,https://www.youtube.com/watch?v=aWcE1W2a3C8
Referentielle Integrit√§t und ihre Folgen,https://www.youtube.com/watch?v=QRWoGP18poM
Brutto- zum Nettolohn,https://www.youtube.com/watch?v=8q8tFErOKOE
Dividende - einfach erkl√§rt!,https://www.youtube.com/watch?v=OzGC7SsOFjY
Outsourcing - einfach erkl√§rt!,https://www.youtube.com/watch?v=4NUWMm9mLxw
Aktien - einfach erkl√§rt!,https://www.youtube.com/watch?v=OJOzlsZ_BpE
Polypol - einfach erkl√§rt!,https://www.youtube.com/watch?v=3EFha95-vcU
Smart Methode - UnternehmensfuÃàhrung Management by Objectives Fachwirt,https://www.youtube.com/watch?v=5NCN_cWbv48
Marktgleichgewicht, Angebot, Nachfrage | Grundbegriffe der Wirtschaftslehre,https://www.youtube.com/watch?v=TiGWeb8CPhg
Distributionspolitik - einfach erkl√§rt!,https://www.youtube.com/watch?v=hk3R-iQgjoQ
Vom Brutto- zum Nettogehalt (Lohn und Gehalt),https://www.youtube.com/watch?v=Qce7QACtfJw
Oligopol - einfach erkl√§rt!,https://www.youtube.com/watch?v=EeeFnlWQdxY
Kommunikationspolitik - einfach erkl√§rt!,https://www.youtube.com/watch?v=n8bcfSuhB9Q
Kartell - einfach erkl√§rt!,https://www.youtube.com/watch?v=MQoVwtKEZS8
Preispolitik - einfach erkl√§rt!,https://www.youtube.com/watch?v=Cl3GQwBjTP0
Erkl√§rvideo Nutzwertanalyse,https://www.youtube.com/watch?v=o8f2rKcvVHA
Angebot & Nachfrage - einfach erklaÃàrt!,https://www.youtube.com/watch?v=QqwGFtV2e0s
Fixe Kosten vs. Variable Kosten - einfach erkl√§rt!,https://www.youtube.com/watch?v=aOwcguPCpJo
Normalformen (1NF - 3NF),https://www.youtube.com/watch?v=Hn6qyRkbPqI
Lohn- und Gehaltsabrechnungen,https://www.youtube.com/watch?v=9h1GsB78Dro
Umsatzsteuer und Vorsteuer - Grundbegriffe der Wirtschaft,https://www.youtube.com/watch?v=jJ-ZiaWjXFg
Bilanz einfach erkl√§rt - Bilanzaufbau, Aktiva, Passiva (full),https://www.youtube.com/watch?v=2JHvElSL7Gw
Angebot und Nachfrage ‚Äì Grundbegriffe Wirtschaft (veraltet),https://www.youtube.com/watch?v=Li8jOHz_1zI
UML-Anwendungsfalldiagramm (Use-Case-Diagramm) f√ºr AP1 der IT-Berufe,https://www.youtube.com/watch?v=eQoC4GDzYbI
Programmierparadigmen: prozedural, objektorientiert, funktional und logisch,https://www.youtube.com/watch?v=7FPrHSoW02g
UML-Aktivit√§tsdiagramm f√ºr AP1 der IT-Berufe und AP2 Fachinformatiker:innen Anwendungsentwicklung,https://www.youtube.com/watch?v=0l7eFqwGdBw
Normalisierung einer relationalen Datenbank - Normalformen 1 bis 3,https://www.youtube.com/watch?v=wznoISlyMf0
Typisierung von Programmiersprachen (AP2 Fachinformatiker Anwendungsentwicklung),https://www.youtube.com/watch?v=tjNtkMoua_0
Rechte & Pflichten Ausbildungsvertrag einfach erkl√§rt - Grundlagen Berufsausbildungsgesetz - Vertrag,https://www.youtube.com/watch?v=98ClY1Qp7Bc
Wie funktionieren DIGITALE SIGNATUREN (einfach erkl√§rt)?,https://www.youtube.com/watch?v=z7-EmiKbEeE
Was ist ein Hashwert / Hashfunktion?,https://www.youtube.com/watch?v=KFSyY6lgXHw
Hashes und Hashfunktionen verstehen in unter 10 Minuten,https://www.youtube.com/watch?v=D4Gt83flNF8
Kryptographie bzw. Verschl√ºsselung f√ºr IT-Berufe (AP1/AP2),https://www.youtube.com/watch?v=n87q9bb-Kl4
Symmetrische vs. asymmetrische Verschl√ºsselung,https://www.youtube.com/watch?v=GYmyjt3viYs
ISO 27001 - Schutzziele der Informationssicherheit in 3 Punkten mit einfachen Beispielen erkl√§rt!,https://www.youtube.com/watch?v=H4f_Olfh4P0
How to find the Entropy and Information Gain in Decision Tree Learning by Mahesh Huddar,https://www.youtube.com/watch?v=y6VwIcZAUkI
Machine Learning #39 - Entscheidungsb√§ume #3 - Entropie und Informationsgewinn,https://www.youtube.com/watch?v=lg1pb0YaAjI
Entropy (for data science) Clearly Explained!!!,https://www.youtube.com/watch?v=YtebGVx-Fxw
Genetic Algorithms Explained By Example,https://www.youtube.com/watch?v=uQj5UNhCPuo
What are Genetic Algorithms?,https://www.youtube.com/watch?v=XP2sFzp2Rig
Evolutionary Algorithms,https://www.youtube.com/watch?v=L--IxUH4fac
KI #11 ID3 Decission Tree / Entscheidungsbaum,https://www.youtube.com/watch?v=FAeVafU7qd8
Decision Tree: Important things to know,https://www.youtube.com/watch?v=JcI5E2Ng6r4
What is the K-Nearest Neighbor (KNN) Algorithm?,https://www.youtube.com/watch?v=b6uHw7QW_n4
Machine Learning #3 - Grundlagen #2 - Konzept vs Klassifikation vs Regression,https://www.youtube.com/watch?v=pq8Ea5GqOv4
Klassifikation Was ist das? Datamining,https://www.youtube.com/watch?v=0_qdJPPhXaw
Regressionsanalyse,https://www.youtube.com/watch?v=3VGEcUY2imU
Lineare Regression: Einfach erkl√§rt,https://www.youtube.com/watch?v=5DcQ4B2aLuY
All Major Data Mining Techniques Explained With Examples,https://www.youtube.com/watch?v=dUm3ptTQr0Q
Der K-Means Algorithmus - Einfache und intuitive Erkl√§rung (Deutsch/German),https://www.youtube.com/watch?v=Gn6fPYD1oIU
StatQuest: K-means clustering,https://www.youtube.com/watch?v=4b5d3muPQmA
Stochastik Grundlagen, Wahrscheinlichkeit| Mathe by Daniel Jung,https://www.youtube.com/watch?v=-mh5nBMyZPk
Stochastik Grundlagen f√ºrs Mathe-Abi,https://www.youtube.com/watch?v=mygSTraEAkU
Faires Spiel, Zufallsgr√∂√üe, Erwartungswert | Stochastik | Mathe by Daniel Jung,https://www.youtube.com/watch?v=h6oLhYTGCs0
Erwartungswert in der Wahrscheinlichkeit, einfache Version Unterstufe | Mathe by Daniel Jung,https://www.youtube.com/watch?v=uJ_FDG2VwNw
Erwartungswert,https://www.youtube.com/watch?v=AMn9loX6w4s
Normalverteilung / Gau√üverteilung,https://www.youtube.com/watch?v=_rVt6qTkea8
Statistische Verteilungen | √úberblick | Standardnormalverteilung | Chi-Quadrat-Verteilung | ...,https://www.youtube.com/watch?v=MyLEF1dNfVs
Standardabweichung [einfach erkl√§rt],https://www.youtube.com/watch?v=aR1cX9abjag
Standardabweichung (einfach erkl√§rt),https://www.youtube.com/watch?v=QNNt7BvmUJM
Median - einfach erkl√§rt | Mathematik | Lehrerschmidt,https://www.youtube.com/watch?v=6Nn4JlWXW0g
Mittelwert berechnen (Arithmetisches Mittel),https://www.youtube.com/watch?v=_0JqrrdtXkQ
Arithmetisches Mittel - einfach erkl√§rt mit Beispielen | Lehrerschmidt,https://www.youtube.com/watch?v=p9mLowJ7YJ4
Varianz und Standardabweichung (Streuungsma√üe) | Lernen mit ClassNinjas,https://www.youtube.com/watch?v=nA3AbEONwb8
Varianz und Standardabweichung (Beispiel: ungeordnet, mit Zur√ºcklegen),https://www.youtube.com/watch?v=XzBobybIx6k
Streuma√üe - Varianz, Standardabweichung, Variationskoeffizient und mehr!,https://www.youtube.com/watch?v=3oZrS3ZWVcA
Lagema√üe (Modus, Median, Mittelwert) und Streuma√üe (Varianz, Standardabweichung) | Fit im Mathe-Abi,https://www.youtube.com/watch?v=vvWx0Owe-xg
Lagema√üe - Modus, Median, Mittelwert - einfach erkl√§rt,https://www.youtube.com/watch?v=YcAX2BtV7as
Datenqualit√§t: Kriterien & Bewertung,https://www.youtube.com/watch?v=6lfluAJqWZc
Was geh√∂rt eigentlich alles zur Datenqualit√§t | BI or DIE x Talend,https://www.youtube.com/watch?v=mSo0xnLvENc
Daten√∂konomie: Datenqualit√§t und der Wert von Daten | Data Researchers #5,https://www.youtube.com/watch?v=qZ1CqYtv93M
Ziele der Informationssicherheit (CIA Triad) | Grundlagen der IT-Sicherheit Folge #2,https://www.youtube.com/watch?v=vGPxDZIAFDM
Prof. Dr. Thorsten Koch: ‚ÄûZur Archivierung und dauerhaften Verf√ºgbarkeit von Daten‚Äú,https://www.youtube.com/watch?v=UbbFbjr4iAI
Betriebliche Mitbestimmung - Erkl√§rfilm,https://www.youtube.com/watch?v=eCcZSmojG-c
Einfach erkl√§rt: Wie entstand das Urheberrecht? | Made in Germany,https://www.youtube.com/watch?v=U6qz1o2O9jY
(Vom ER-Modell zum) relationalen Datenmodell,https://www.youtube.com/watch?v=Asb6OaWqbv4
Vom ER-Modell zur Relation - TEIL 2 - ABITUR 2018,https://www.youtube.com/watch?v=XX7pM5hXXmk
1.5 Datenbankarchitektur,https://www.youtube.com/watch?v=-rxD7LmrZcY
01-05 Architektur Relationaler DBMS,https://www.youtube.com/watch?v=lDykK_H13Ac
01-04-DreiSchema-Architektur,https://www.youtube.com/watch?v=myb5m0Qe7-4
CRISP-DM: Vorgehensmodell f√ºr Data Mining Projekte,https://www.youtube.com/watch?v=RygU_076n_E
What is Data Mining?,https://www.youtube.com/watch?v=7rs0i-9nOjo
Einfach erkl√§rt: Was ist Data Mining? | Microsoft,https://www.youtube.com/watch?v=zNtHiKU7tKE
PRINCE2 - Seven Principles, Themes, and Processes Explained,https://www.youtube.com/watch?v=d9Tecl1WZBk
Was ist PRINCE2? Praxisnah und einfach erkl√§rt,https://www.youtube.com/watch?v=S3QAAVgyhJ8
Scrum einfach erklaÃàrt,https://www.youtube.com/watch?v=Ibz9STVjtzI
Six Sigma Methoden im DMAIC Zyklus,https://www.youtube.com/watch?v=QwNTGA7oApY
Was ist Six Sigma? Was ist der DMAIC-Zyklus? Kontinuierliche Prozessoptimierung mit Lean Six Sigma.,https://www.youtube.com/watch?v=FuCaDeZ9Fqo
Total Quality Management (TQM),https://www.youtube.com/watch?v=1x1n_pQ8y6g
Total Quality Management (TQM & EFQM) einfach erkl√§rt - Qualit√§tsmanagement in Unternehmen,https://www.youtube.com/watch?v=nIXPrC_jfhU
Lean Management einfach erkl√§rt - Definition, Produktion, Personal, Kunden, Pro & Contra,https://www.youtube.com/watch?v=q8rxDXlhsoU
Was ist KVP / Kaizen ?,https://www.youtube.com/watch?v=klCbm1IrfxU
Kaizen Prinzip: Qualit√§tsmanagement - Grundbegriffe der Wirtschaft,https://www.youtube.com/watch?v=Jt6hTmpckxQ
Was ist Wissensmanagement im Unternehmen? - Einfach erkl√§rt,https://www.youtube.com/watch?v=5SAMEUb7xPg
Benchmarking - UnternehmensfuÃàhrung Fachwirt IHK (z.B. Wirtschaftsfachwirt),https://www.youtube.com/watch?v=jtpZIEg6nZk
Benchmarking - üë®üèº‚Äçüéì EINFACH ERKL√ÑRT üë©üèº‚Äçüéì,https://www.youtube.com/watch?v=Fb7yfse1w3M
Wertsch√∂pfungskette,https://www.youtube.com/watch?v=Hz5WiFrK5_w
Semantisches Differential (Polarit√§tsprofil) in Excel erstellen - Daten visualisieren in Excel (20),https://www.youtube.com/watch?v=tGlwuei87DQ
Die Nutzwertanalyse einfach erkl√§rt | Einfaches Beispiel | Kostenlose Vorlage,https://www.youtube.com/watch?v=z5vHgIIEars
ABC Analyse | einfach erkl√§rt | Beispielaufgabe | Beschaffungswirtschaft | wirtconomy,https://www.youtube.com/watch?v=yaVkudeTUKo
Das Ishikawa Diagramm einfach erkl√§rt: So funktioniert das Fischgr√§tenmodell,https://www.youtube.com/watch?v=FRbVkKsF21g
What is a Fishbone Diagram (Ishikawa Diagram)?,https://www.youtube.com/watch?v=4eteSMuum6k
FMEA: Fehlerm√∂glichkeits- und Einflussanalyse,https://www.youtube.com/watch?v=cuKOjfIicqk
FMEA - üë®üèº‚Äçüéì EINFACH ERKL√ÑRT üë©üèº‚Äçüéì,https://www.youtube.com/watch?v=1n4Qo7fLXR8
Ereignisgesteuerte Prozesskette (EPK),https://www.youtube.com/watch?v=uNDJS9EZJmQ
Flussdiagramm | einfach erkl√§rt mit Beispiel,https://www.youtube.com/watch?v=coylYRocCvA
Die Prozesslandkarte - Prozesse identifizieren,https://www.youtube.com/watch?v=NV2LhL4P8-g
Prozesslandkarte (Definition | Darstellung | Beispiel),https://www.youtube.com/watch?v=zuLm4jd-rK0
Aufbauorganisation & Ablauforganisation |¬†einfach erkl√§rt,https://www.youtube.com/watch?v=dbuB2SVjgTI
Was sind die Instrumente der Ist-Analyse im Rahmen einer Marketing-Strategie?,https://www.youtube.com/watch?v=L02zYucZLuc
JSON vs XML f√ºr F√ºnfj√§hrige,https://www.youtube.com/watch?v=tMR0DU8ytT0
UML Teil 6: Das Zustandsdiagramm,https://www.youtube.com/watch?v=bcoqPlRWI34
UML-Zustandsdiagramm f√ºr Fachinformatiker Anwendungsentwicklung,https://www.youtube.com/watch?v=5qp0WkU_T-M
UML-Sequenzdiagramm f√ºr AP2 Fachinformatiker Anwendungsentwicklung,https://www.youtube.com/watch?v=CHkVwoxxg58
Sequenzdiagramme in der UML (Teil 7) Neu vertont,https://www.youtube.com/watch?v=E7VcV6ZFwKw
Software, Anforderungen! MindMap f√ºr die IHK Pr√ºfung!,https://www.youtube.com/watch?v=TX36lQwkpw0
Software Architektur Anforderungen ableiten,https://www.youtube.com/watch?v=DD2kRGZ3WwA
What is Fibre Channel Protocol?,https://www.youtube.com/watch?v=XGxO7UR8zn4
What is Ethernet?,https://www.youtube.com/watch?v=HLziLmaYsO0
NFS vs. CIFS vs. SMB: File Sharing Protocols Compared,https://www.youtube.com/watch?v=k3RxOqftzsU
SMB erkl√§rt | QNP 129 | #Basics29,https://www.youtube.com/watch?v=gAaqALYrKh0
What is iSCSI and What Does it Do?,https://www.youtube.com/watch?v=REg2i0iT8_0
Data Lake, Data Mesh, Data was'n das?! // deutsch,https://www.youtube.com/watch?v=66vC-Kxh1bk
What is a Data Lake?,https://www.youtube.com/watch?v=LxcH6z8TFpI
What is a Data Warehouse?,https://www.youtube.com/watch?v=k4tK2ttdSDg
What Is a Data Warehouse?,https://www.youtube.com/watch?v=AHR_7jFCMeY
Edge- und Fog-Computing, und Cloudlets // deutsch,https://www.youtube.com/watch?v=zxxlzrisNDg
Port Security - CompTIA Security+ SY0-701 - 3.2,https://www.youtube.com/watch?v=QhLQ6J4satw
What is a Firewall?,https://www.youtube.com/watch?v=kDEX1HXybrU
Die TYPISCHEN Beispiele von technischen und organisatorischen Ma√ünahmen,https://www.youtube.com/watch?v=LDDRVW_8iIs
Was ist ein Ticketsystem? (Erkl√§rvideo),https://www.youtube.com/watch?v=ZffH_PXa-_A
What Does IT Support Do? Level 1, Level 2, Level 3 Escalations [Overview],https://www.youtube.com/watch?v=AfeuTK2SF_I
Service Level Agreement (SLA),https://www.youtube.com/watch?v=l4Mc-s3wxK0
All You Need To Know About a Standard Operating Procedure,https://www.youtube.com/watch?v=yBrH_SrQJzM
Unterschied zwischen Incident Management und Problem Management,https://www.youtube.com/watch?v=uFsgTIxn8eo
Top 6 Load Balancing Algorithms Every Developer Should Know,https://www.youtube.com/watch?v=dBmxNsS3BGE
What is a Load Balancer?,https://www.youtube.com/watch?v=sCR3SAVdyCc
Predictive Maintenance Explained,https://www.youtube.com/watch?v=2_o1SDy6__U
How SNMP Works - a quick guide,https://www.youtube.com/watch?v=2IXP0TkwNJU
Erkl√§rung der Backuparten Vollbackup, differenzielles Backup, inkrementelles Backup,https://www.youtube.com/watch?v=QWJKr5Wb_KU
Backuparten,https://www.youtube.com/watch?v=oUgkVzy02gQ
What is RAID 0, 1, 5, & 10?,https://www.youtube.com/watch?v=U-OCdTeZLac
Formeldreieck URI - Ohmsches Gesetz | Physik - Elektrizit√§t - einfach erkl√§rt | Lehrerschmidt,https://www.youtube.com/watch?v=gsAQDfNtc2Q
P = U * I - Formel f√ºr Elektrische Leistung #TheSimpleShort,https://www.youtube.com/watch?v=LWFWpOAg4zA
Online, Offline USV - Unterbrechungsfreie Stromversorgungssysteme - einfach und anschaulich erkl√§rt,https://www.youtube.com/watch?v=1kCQvBjfK1I
USV Unterbrechungsfreie Stromversorgung IHK Berechnung der USV,https://www.youtube.com/watch?v=3KCcm5rJlZQ
IT-Notfallkonzept: So ist dein Unternehmen bei Cyberangriffen vorbereitet!,https://www.youtube.com/watch?v=qBV-30fguTA
Zuverl√§ssigkeit, MTBF, MTTR, Verf√ºgbarkeit, Ausfallrate, Ausfallwahrscheinlichkeit | Prof. Gries.,https://www.youtube.com/watch?v=H6tdbnBg1hk
Was ist ein DBMS? (Datenbankmanagementsystem) - einfach erkl√§rt!,https://www.youtube.com/watch?v=-r4HCTHGY7M
Datenbanken - Grundlagen,https://www.youtube.com/watch?v=1jw6GFAV76Y
Was ist Groupware? Einfach erkl√§rt! LERNVIDEO,https://www.youtube.com/watch?v=lZXGYh5ZKAM
PROXY vs. REVERSE PROXY (einfach erkl√§rt),https://www.youtube.com/watch?v=TYBt2Q-FDaE
Das DHCP-Protokoll | #Netzwerktechnik,https://www.youtube.com/watch?v=6sxnDB32L1s
Das DNS PROTOKOLL (einfach erkl√§rt) | Domain Name System | #Netzwerktechnik,https://www.youtube.com/watch?v=Aat_zA5uKrU
IPsec Explained,https://www.youtube.com/watch?v=xTH1ZA_qUvA
Was ist eigentlich ein Tunnel? | VPNs Teil 3,https://www.youtube.com/watch?v=fJk5QK_yFb4
Gr√ºnde f√ºr VPN | VPN Typen |¬†VPNs Teil 1,https://www.youtube.com/watch?v=uAgbCoc-s7A
SSL, TLS, HTTPS Explained,https://www.youtube.com/watch?v=j9QmMEWmcfo
TCP vs. UDP | Die Unterschiede der beiden Protokolle | #Netzwerktechnik,https://www.youtube.com/watch?v=v8_mM7zq8GE
Homelab -  01 -  Netzwerkplan logisch,https://www.youtube.com/watch?v=ESgDnaQ0WxI
CLIENT-SERVER-MODELL (einfach erkl√§rt),https://www.youtube.com/watch?v=fZdwOm-6rvs
Peer-To-Peer (einfach erkl√§rt) | P2P (einfach erkl√§rt),https://www.youtube.com/watch?v=QR2Y2bdDWoM
PAN vs. LAN vs. MAN vs. WAN vs. GAN vs. VPN ... Netzwerktypen einfach erkl√§rt | #Netzwerktechnik,https://www.youtube.com/watch?v=JbGSAhl7ptI
Netztopologien verstehen | #Netzwerktechnik,https://www.youtube.com/watch?v=cm8evfylBD4
Das ARP-Protokoll | #Netzwerktechnik,https://www.youtube.com/watch?v=ttgXMAvkJfo
Wie funktioniert ein Switch? (Inklusive SAT) Einfach erkl√§rt,https://www.youtube.com/watch?v=AitvF-IIoU4
Netzwerktechnik Tutorial #28 - Routing Grundlagen,https://www.youtube.com/watch?v=gAS1PxqRKf8
Was ist eine MAC-Adresse? (Einfach erkl√§rt) #Netzwerktechnik,https://www.youtube.com/watch?v=Sdw7iDUugxw
IP ADRESSEN einfach erkl√§rt (IPv4 vs IPv6),https://www.youtube.com/watch?v=0w387WpOE3A
TCP/IP MODELL einfach erkl√§rt (2021),https://www.youtube.com/watch?v=lDYgCAwY8V4
What is OSI Model | Real World Examples,https://www.youtube.com/watch?v=0y6FtKsg6J4
Was sind TOM und wof√ºr steht die Abk√ºrzung?,https://www.youtube.com/watch?v=DJ9_1vckbuk
Identity & Access Management (IAM),https://www.youtube.com/watch?v=aNj36g7fSsU
Was ist ein Penetration Test ? Erkl√§rung und Definition von turingpoint,https://www.youtube.com/watch?v=TWgxOqD8oFE
10 Principles for Secure by Design: Baking Security into Your Systems,https://www.youtube.com/watch?v=3l8GwLv2f3E
Gut gesch√ºtzt mit IT-Grundschutz: vom ISMS zum BCMS,https://www.youtube.com/watch?v=sfEbdyKXu08
DSGVO und die Folgen von Datendiebstahl,https://www.youtube.com/watch?v=toIr2jx5aBs
Security Awareness Episode 4: Phishing and Ransomware,https://www.youtube.com/watch?v=D_yAYhjNE-0
IT-Security schnell erkl√§rt,https://www.youtube.com/watch?v=tvizrs_vlk4
Was ist ein Soll-Ist-Vergleich?,https://www.youtube.com/watch?v=iMxo57WI7WU
Softwareengineering Tutorial #60 - Testen,https://www.youtube.com/watch?v=d4gZ89r1_YU
Wareneingang | Von der Annahme bis zur Kontrolle - alle Prozesse einfach erkl√§rt!,https://www.youtube.com/watch?v=9EWdaTC-my4
Unterschied KPI und Kennzahl,https://www.youtube.com/watch?v=yLQWwqR6BJs
Kennzahlen - Grundlagen,https://www.youtube.com/watch?v=BdaHqH21oIQ
Kontinuierlicher Verbesserungsprozess (KVP) - üë®üèº‚Äçüéì EINFACH ERKL√ÑRT üë©üèº‚Äçüéì,https://www.youtube.com/watch?v=sKsIy5GyQL0
Der PDCA Zyklus einfach erkl√§rt ‚Äì 2 anschauliche Beispiele inklusive,https://www.youtube.com/watch?v=0s73-nXrnT8
Was bedeutet eigentlich Redundanz?,https://www.youtube.com/watch?v=Ae7zo1BDYgA
Informatik 8 - Parit√§tspr√ºfung und Parit√§tsbit,https://www.youtube.com/watch?v=3ey4hLKOqNY
What is an API (in 5 minutes),https://www.youtube.com/watch?v=ByGJQzlzxQg
Open Data - explained in a nutshell,https://www.youtube.com/watch?v=c42QNa-rccw
Group, Sort und Aggregation in SQL - SQL 7,https://www.youtube.com/watch?v=Hqcv8PkDJ7A
All SQL Fundamentals Explained in 10 Minutes | Learn SQL Basics for Beginners | SQL Crash Course,https://www.youtube.com/watch?v=3s0lFtUrhSQ
Datenmodellierung - Referentielle Integrit√§t,https://www.youtube.com/watch?v=Mcc9225LgC0
Die L√∂sch- und Aktualisierungsweitergabe. Was bewirkt die referentielle Integrit√§t Teil 2/2?,https://www.youtube.com/watch?v=byJNizS2c_s
Die referentielle Integrit√§t. Was bewirkt sie? Teil 1/2,https://www.youtube.com/watch?v=w5eAmcpDJsk
ENTITY RELATIONSHIP MODELL einfach erkl√§rt (ER-Modell),https://www.youtube.com/watch?v=I-ctLA--THs
NORMALFORMEN bei Datenbanken einfach erkl√§rt (1. bis 3. Normalform),https://www.youtube.com/watch?v=caMVrHP-SIs
Relational vs. Non-Relational Databases,https://www.youtube.com/watch?v=E9AgJnsEvG4
Barrierefreiheit in der Informatik,https://www.youtube.com/watch?v=GBWpD1uF19k
Softwareergonomie | EDV, Betriebswirtschaftslehre,https://www.youtube.com/watch?v=CtbXU-ttKak
UML-Klassendiagramm f√ºr AP1 der IT-Berufe,https://www.youtube.com/watch?v=F3RDwz-uoX8
UML Klassendiagramm Tutorial,https://www.youtube.com/watch?v=8P4mTilZCf0
UML Tutorial #12 - Use Case Diagramme,https://www.youtube.com/watch?v=dYfr5Opkw38
What is Pseudocode Explained | How to Write Pseudocode Algorithm | Examples, Benefits & Steps,https://www.youtube.com/watch?v=qfckDdsEIq8
Informatik 7 - Darstellung von Algorithmen 2 - Programmablaufplan,https://www.youtube.com/watch?v=9LFPdqUMBqo
Das STRUKTOGRAMM,https://www.youtube.com/watch?v=nf-ee-ecO8s
What Is Version Control? | Git Version Control | Version Control In Software Engineering|Simplilearn,https://www.youtube.com/watch?v=Yc8sCSeMhi4
5 Types of Testing Software Every Developer Needs to Know!,https://www.youtube.com/watch?v=YaXJeUkBe4Y
Tests: Unit, Integration & Co. // deutsch,https://www.youtube.com/watch?v=A7ej4cgwgRk
Testmethoden und Testtechniken,https://www.youtube.com/watch?v=v7dhi8ajza4
What is White vs. Grey vs. Black Box Testing?,https://www.youtube.com/watch?v=CPVMbZYeiF4
Programmieren Lernen #67 - Debugging und Breakpoints,https://www.youtube.com/watch?v=t65-68pBfRA
Debugging Like A Pro,https://www.youtube.com/watch?v=J8uAiZJMfzQ
What is Augmented Reality (AR) In 60 Seconds,https://www.youtube.com/watch?v=XPNUmcEOYW0
Smart contracts - Simply Explained,https://www.youtube.com/watch?v=ZE2HxTmxfrI
How does a blockchain work - Simply Explained,https://www.youtube.com/watch?v=SSo_EIwHSd4
* As A Service - Die Grundbegriffe des Cloud Computing,https://www.youtube.com/watch?v=alYIYtIxIVE
Was ist Big Data? Einfach erkl√§rt mit Definition und Anwendungsbeispielen,https://www.youtube.com/watch?v=pIjG44CScnk
Netzwerktechnik Tutorial #40 - Autonome Systeme aka Netz aus Netzen,https://www.youtube.com/watch?v=E-dAE5sARWQ
K√úNSTLICHE INTELLIGENZ vs. MACHINE LEARNING vs. DEEP LEARNING,https://www.youtube.com/watch?v=Ip1a2JHdt3E
Was ist Industrie 4.0: Erkl√§rung in 90 Sekunden - Unterschiede zu Industrie 3.0, Vorteile, Nachteile,https://www.youtube.com/watch?v=dkx7AQK71iw
Smart Grids ‚Äì Das Stromnetz der Zukunft?,https://www.youtube.com/watch?v=i1xAHWVEV1k
What is an Embedded System? | Concepts,https://www.youtube.com/watch?v=oPn_adlC1Q0
Internet of Things - was steckt dahinter?,https://www.youtube.com/watch?v=Dwo6RIqujcI
PEER-TO-PEER NETZWERK einfach erkl√§rt! (P2P),https://www.youtube.com/watch?v=zD74c1zUlPQ
CLIENT-SERVER-MODELL einfach erkl√§rt!,https://www.youtube.com/watch?v=LwziP-ZrbUs
Datenschutz einfach erkl√§rt (explainity¬Æ Erkl√§rvideo),https://www.youtube.com/watch?v=VF5A2JhiJug
Grunds√§tze des Datenschutzes | DSGVO - einfach erkl√§rt!,https://www.youtube.com/watch?v=DNebk8hIdns
IT Sicherheit #3 - Schutzziele,https://www.youtube.com/watch?v=na3vuTTa30o
Datensicherheit,https://www.youtube.com/watch?v=tUDrvdVhsK8
Unternehmensidentit√§t - Corporate Identity - üë®üèº‚Äçüéì EINFACH ERKL√ÑRT üë©üèº‚Äçüéì,https://www.youtube.com/watch?v=h-85-4Uzz3Y
Science of Data Visualization | Bar, scatter plot, line, histograms, pie, box plots, bubble chart,https://www.youtube.com/watch?v=csXmVBw8cdo
Compliance einfach erkl√§rt (explainity¬Æ Erkl√§rvideo),https://www.youtube.com/watch?v=n-Bag-WZMdw
Allgemeine Gesch√§ftsbedingungen (AGB) ‚Äì Einfach und verst√§ndlich erkl√§rt,https://www.youtube.com/watch?v=RvzHmKcv7nk
¬ß 1 UWG // Gesetz gegen den unlauteren Wettbewerb - üë®üèº‚Äçüéì EINFACH ERKL√ÑRT üë©üèº‚Äçüéì,https://www.youtube.com/watch?v=yap-ugi7XAU
Customer Relationship Management : EXPLAINED,https://www.youtube.com/watch?v=bUiQDZgYvcc
Erkl√§rung des RAID-Levels RAID 10 (deutsch),https://www.youtube.com/watch?v=Lw76leQOUdg
ABC Analyse: Schrittweise am einfachen Beispiel erkl√§rt,https://www.youtube.com/watch?v=pzb26UiQwEc
TQM und EFQM,https://www.youtube.com/watch?v=0c-FGo65LaE